title,title_url
售后技术 ,http://jobs.zhaopin.com/257048313250005.htm

title,title_url
 ,http://e.zhaopin.com/products/1/detail.do

title,title_url
水资源监测技术管理 ,http://jobs.zhaopin.com/CZ817032910J00059323414.htm

title,title_url
 ,http://e.zhaopin.com/products/1/detail.do

title,title_url
显微镜实验技术员 ,http://jobs.zhaopin.com/CC560166332J00059551114.htm

title,title_url
 ,http://e.zhaopin.com/products/1/detail.do

title,title_url
售后技术支持 ,http://jobs.zhaopin.com/CC379132138J00066840711.htm

title,title_url
 ,http://e.zhaopin.com/products/1/detail.do

title,title_url
咖啡机安装及维护 ,http://jobs.zhaopin.com/242738432250001.htm

title,title_url
 ,http://e.zhaopin.com/products/1/detail.do

title,title_url
机械维修及保养技术员,http://jobs.zhaopin.com/145362724252768.htm

title,title_url
数控编程技术员,http://jobs.zhaopin.com/145362724252715.htm

title,title_url
销售中心-技术支持,http://jobs.zhaopin.com/627298127250048.htm

title,title_url
技术工程师,http://jobs.zhaopin.com/CC121005258J00059751312.htm

title,title_url
细胞培养技术员,http://jobs.zhaopin.com/305395085250037.htm

title,title_url
高级售前技术支持工程师（GIS方向）,http://jobs.zhaopin.com/CC205285719J00048313109.htm

title,title_url
【北京】初级化工专业技术员,http://jobs.zhaopin.com/145362724252731.htm

title,title_url
技术总监,http://jobs.zhaopin.com/CC391334680J00055899412.htm

title,title_url
技术支持工程师,http://jobs.zhaopin.com/241466613250096.htm

title,title_url
技术支持工程师,http://jobs.zhaopin.com/193363713251810.htm
title,title_url

数据通信技术助理,http://jobs.zhaopin.com/145362724252763.htm
title,title_url